"Title: Number of Deaths per 100,000 Population Caused by Influenza and Pneumonia | The Henry J. Kaiser Family Foundation",
Timeframe: 2014,
"For footnotes, please see: http://kff.org/other/state-indicator/influenza-and-pneumonia-death-rate/?currentTimeframe=0.",
Location,"Influenza and pneumonia death rate per 100,000"
United States,15
Alabama,19
Alaska,14
Arizona,10
Arkansas,20
California,15
Colorado,13
Connecticut,13
Delaware,14
District of Columbia,12
Florida,10
Georgia,16
Hawaii,23
Idaho,11
Illinois,17
Indiana,14
Iowa,14
Kansas,18
Kentucky,21
Louisiana,18
Maine,14
Maryland,16
Massachusetts,16
Michigan,16
Minnesota,10
Mississippi,24
Missouri,18
Montana,14
Nebraska,15
Nevada,24
New Hampshire,12
New Jersey,11
New Mexico,16
New York,20
North Carolina,17
North Dakota,19
Ohio,17
Oklahoma,17
Oregon,9
Pennsylvania,14
Rhode Island,12
South Carolina,14
South Dakota,16
Tennessee,22
Texas,14
Utah,16
Vermont,9
Virginia,17
Washington,9
West Virginia,20
Wisconsin,14
Wyoming,18
,
Notes,
"Age-adjusted rates per 100,000 U.S. standard population. Since death rates are affected by the population composition of a given area, age-adjusted death rates should be used for comparisons between areas because they control for differences in population composition.",
,
Causes of death attributable to flu and pneumonia include ICD-10 Codes J09-J18.,
,
Sources,
"Centers for Disease Control and Prevention, National Center for Health Statistics. Underlying Cause of Death 1999-2014 on [CDC WONDER Online Database](http://wonder.cdc.gov/), released 2015. Data are from the Multiple Cause of Death Files, 1999-2014, as compiled from data provided by the 57 vital statistics jurisdictions through the Vital Statistics Cooperative Program. Accessed at http://wonder.cdc.gov/ucd-icd10.html on Jan 21, 2016.",
