Title: Total Professionally Active Physicians | The Henry J. Kaiser Family Foundation,,,
Timeframe: September 2016,,,
"For footnotes, please see: http://kff.org/other/state-indicator/total-active-physicians/?currentTimeframe=0.",,,
Location,Primary Care Physicians,Specialist Physicians,Total
United States,441735,484384,926119
Alabama,5441,5889,11330
Alaska,951,803,1754
Arizona,8060,8803,16863
Arkansas,3218,3399,6617
California,49559,53804,103363
Colorado,6806,6965,13771
Connecticut,6359,8046,14405
Delaware,1382,1498,2880
District of Columbia,2832,3788,6620
Florida,25166,26953,52119
Georgia,11537,11846,23383
Hawaii,1801,1875,3676
Idaho,1515,1347,2862
Illinois,20377,20025,40402
Indiana,7687,8252,15939
Iowa,4045,3665,7710
Kansas,3823,3494,7317
Kentucky,5062,5965,11027
Louisiana,5723,6802,12525
Maine,2256,2112,4368
Maryland,10159,12411,22570
Massachusetts,14617,18306,32923
Michigan,17129,18771,35900
Minnesota,8121,8683,16804
Mississippi,2958,3138,6096
Missouri,8723,9882,18605
Montana,1074,1092,2166
Nebraska,2508,2371,4879
Nevada,2810,2858,5668
New Hampshire,1894,2111,4005
New Jersey,13768,14696,28464
New Mexico,2663,2577,5240
New York,36856,45095,81951
North Carolina,12224,13364,25588
North Dakota,1024,837,1861
Ohio,17951,21004,38955
Oklahoma,4523,4388,8911
Oregon,5470,5718,11188
Pennsylvania,22231,24470,46701
Rhode Island,2282,2366,4648
South Carolina,5960,5935,11895
South Dakota,977,907,1884
Tennessee,8365,9629,17994
Texas,28482,31097,59579
Utah,2775,3435,6210
Vermont,1047,1102,2149
Virginia,10775,10932,21707
Washington,9856,10368,20224
West Virginia,2593,2503,5096
Wisconsin,7717,8473,16190
Wyoming,603,534,1137
,,,
Notes,,,
Data includes currently active allopathic physicians (MDs) and osteopathic physicians (DOs).,,,
,,,
Sources,,,
"Special data request for information on active state licensed physicians from [Redi-Data, Inc](http://www.redidata.com/), September 2016.",,,
,,,
Definitions,,,
"*Allopathic Physicians* practice allopathic medicine (sometimes called conventional medicine), the system of medical practice which treats disease by the use of remedies which produce effects different from those produced by the disease under treatment. ",,,
,,,
*Osteopathic Physicians* practice osteopathic medicine which focuses primarily on the manipulation of the musculoskeletal system and emphasizes preventive medicine while taking a holistic approach to health. An osteopathic physician is licensed to perform surgery and prescribe medication. An osteopathic physician completes four years of medical school and can choose to practice in any specialty of medicine.,,,
